{
  "contactos": [
    {
      "id": 1,
      "nombre": "Paco",
      "apellidos": "García Fuentes",
      "empresa": "IES Castelar",
      "puesto": "Estudiante",
      "web": "http://www.google.es",
      "notas": "No le gusta que le llamen",
      "direccion": "C/Mi calle",
      "Poblacion": "Badajoz",
      "Provincia": "Badajoz",
      "CP": "06006"
    }
  ],
  "telefonos": [
    {
      "id": 1,
      "numero": "666 777 888",
      "contactoId": 1
    }
  ],
  "correos": [
    {
      "id": "1",
      "correo": "micorreo@iescastelar.com",
      "contactoId": 1
    }
  ],
  "users": [
    {
      "email": "manolo@mail.com",
      "password": "$2a$10$yHZqlRkKrzcqllZddQdEi.r1o1aRKFoEyasPGsrBIMLk..j5J4EYy",
      "id": 1
    },
    {
      "email": "paco@mail.com",
      "password": "$2a$10$NtByBEzddWZ9bW4TQbX2xe/HGduULQu6c.j2OyVZOjyEm.MH7HpQO",
      "id": 2
    }
  ]
}